"file","leg","behind_end_max","p2p_end_max","src_behind_end","src_p2p_end","src_dec_fps","sources","generated"
"1_4K_ProRes_4444\TheraTears_Vial_VFX_v002.mov","1","7","59","3","23.9","56.9","results-bar-240hz.csv;results-bar-60hz.csv;results-barcheck.csv","2026-08-20"
"1_4K_ProRes_4444\TheraTears_Vial_VFX_v002.mov","2","4","56","0","21.1","58.6","results-bar-240hz.csv;results-bar-60hz.csv;results-barcheck.csv","2026-08-20"
"1_4K_ProRes_4444\TheraTears_Vial_VFX_v002.mov","3","4","69","0","32.6","54.9","results-bar-240hz.csv;results-bar-60hz.csv;results-barcheck.csv","2026-08-20"
"1_4K_ProRes_4444\TheraTears_Vial_VFX_v002.mov","4","4","37","0","4.3","63.3","results-bar-240hz.csv;results-bar-60hz.csv;results-barcheck.csv","2026-08-20"
"10_4x5_ProRes\FY27_CX_BEER_NA_Summer_Bottomless-Cooler-Pool_PLC_PLC_OM_EN_BAU_4x5_15_product-locator_CBCX0000436H.mov","1","4","34","0","3.3","173.1","results-bar-240hz.csv;results-bar-60hz.csv;results-barcheck.csv","2026-08-20"
"10_4x5_ProRes\FY27_CX_BEER_NA_Summer_Bottomless-Cooler-Pool_PLC_PLC_OM_EN_BAU_4x5_15_product-locator_CBCX0000436H.mov","2","4","40","0","9.3","205.1","results-bar-240hz.csv;results-bar-60hz.csv;results-barcheck.csv","2026-08-20"
"10_4x5_ProRes\FY27_CX_BEER_NA_Summer_Bottomless-Cooler-Pool_PLC_PLC_OM_EN_BAU_4x5_15_product-locator_CBCX0000436H.mov","3","4","32","0","1.4","70.9","results-bar-240hz.csv;results-bar-60hz.csv;results-barcheck.csv","2026-08-20"
"10_4x5_ProRes\FY27_CX_BEER_NA_Summer_Bottomless-Cooler-Pool_PLC_PLC_OM_EN_BAU_4x5_15_product-locator_CBCX0000436H.mov","4","4","36","0","5.1","172","results-bar-240hz.csv;results-bar-60hz.csv;results-barcheck.csv","2026-08-20"
"11_Shape_Fixtures\anamorphic-2x1-to-239.mp4","1","4","35","0","4.4","93.4","results-bar-240hz.csv;results-bar-60hz.csv;results-barcheck.csv","2026-08-20"
"11_Shape_Fixtures\anamorphic-2x1-to-239.mp4","2","4","39","0","8.4","195.7","results-bar-240hz.csv;results-bar-60hz.csv;results-barcheck.csv","2026-08-20"
"11_Shape_Fixtures\anamorphic-2x1-to-239.mp4","3","4","36","0","0.5","56.5","results-bar-240hz.csv;results-bar-60hz.csv;results-barcheck.csv","2026-08-20"
"11_Shape_Fixtures\anamorphic-2x1-to-239.mp4","4","4","31","0","0.9","138.8","results-bar-240hz.csv;results-bar-60hz.csv;results-barcheck.csv","2026-08-20"
"11_Shape_Fixtures\anamorphic-4x3-to-16x9.mp4","1","4","35","0","4.2","93.4","results-bar-240hz.csv;results-bar-60hz.csv;results-barcheck.csv","2026-08-20"
"11_Shape_Fixtures\anamorphic-4x3-to-16x9.mp4","2","4","38","0","7.3","199","results-bar-240hz.csv;results-bar-60hz.csv;results-barcheck.csv","2026-08-20"
"11_Shape_Fixtures\anamorphic-4x3-to-16x9.mp4","3","4","36","0","0.5","56.5","results-bar-240hz.csv;results-bar-60hz.csv;results-barcheck.csv","2026-08-20"
"11_Shape_Fixtures\anamorphic-4x3-to-16x9.mp4","4","4","31","0","0.1","138.6","results-bar-240hz.csv;results-bar-60hz.csv;results-barcheck.csv","2026-08-20"
"11_Shape_Fixtures\rotated-180.mp4","1","4","34","0","3.8","93.4","results-bar-240hz.csv;results-bar-60hz.csv;results-barcheck.csv","2026-08-20"
"11_Shape_Fixtures\rotated-180.mp4","2","4","34","0","3.4","195.4","results-bar-240hz.csv;results-bar-60hz.csv;results-barcheck.csv","2026-08-20"
"11_Shape_Fixtures\rotated-180.mp4","3","4","36","0","0.3","56.5","results-bar-240hz.csv;results-bar-60hz.csv;results-barcheck.csv","2026-08-20"
"11_Shape_Fixtures\rotated-180.mp4","4","4","34","0","3.2","138.2","results-bar-240hz.csv;results-bar-60hz.csv;results-barcheck.csv","2026-08-20"
"11_Shape_Fixtures\rotated-90.mp4","1","4","31","0","0.3","93.5","results-bar-240hz.csv;results-bar-60hz.csv;results-barcheck.csv","2026-08-20"
"11_Shape_Fixtures\rotated-90.mp4","2","4","36","0","5.2","196.6","results-bar-240hz.csv;results-bar-60hz.csv;results-barcheck.csv","2026-08-20"
"11_Shape_Fixtures\rotated-90.mp4","3","4","36","0","0.3","56.5","results-bar-240hz.csv;results-bar-60hz.csv;results-barcheck.csv","2026-08-20"
"11_Shape_Fixtures\rotated-90.mp4","4","4","35","0","4.7","137.5","results-bar-240hz.csv;results-bar-60hz.csv;results-barcheck.csv","2026-08-20"
"12_8K_ProRes4444\Foces_8K_Lut_Dino Stomp_plate_4444XQ.mov","1","9","178","5","55.4","16.4","results-bar-240hz.csv;results-bar-60hz.csv;results-barcheck.csv","2026-08-20"
"12_8K_ProRes4444\Foces_8K_Lut_Dino Stomp_plate_4444XQ.mov","2","4","206","0","84.7","16.5","results-bar-240hz.csv;results-bar-60hz.csv;results-barcheck.csv","2026-08-20"
"12_8K_ProRes4444\Foces_8K_Lut_Dino Stomp_plate_4444XQ.mov","3","4","218","0","98.4","16.8","results-bar-240hz.csv;results-bar-60hz.csv;results-barcheck.csv","2026-08-20"
"12_8K_ProRes4444\Foces_8K_Lut_Dino Stomp_plate_4444XQ.mov","4","4","156","0","51.5","19.3","results-bar-240hz.csv;results-bar-60hz.csv;results-barcheck.csv","2026-08-20"
"13_4448x3096_ProRes_4444\V1-0004_A001C015_120101_ROES.mov","1","6","71","2","29","47.1","results-bar-240hz.csv;results-bar-60hz.csv;results-barcheck.csv","2026-08-20"
"13_4448x3096_ProRes_4444\V1-0004_A001C015_120101_ROES.mov","2","4","45","0","4.2","50.1","results-bar-240hz.csv;results-bar-60hz.csv;results-barcheck.csv","2026-08-20"
"13_4448x3096_ProRes_4444\V1-0004_A001C015_120101_ROES.mov","3","4","70","0","21.8","41.7","results-bar-240hz.csv;results-bar-60hz.csv;results-barcheck.csv","2026-08-20"
"13_4448x3096_ProRes_4444\V1-0004_A001C015_120101_ROES.mov","4","4","51","0","8.2","47.4","results-bar-240hz.csv;results-bar-60hz.csv;results-barcheck.csv","2026-08-20"
"14_720P_Comfyui_mp4\video_ComfyUI_0000Fly8.mp4","1","5","38","1","7.8","235","results-bar-240hz.csv;results-bar-60hz.csv;results-barcheck.csv","2026-08-20"
"14_720P_Comfyui_mp4\video_ComfyUI_0000Fly8.mp4","2","4","39","0","8.2","447.7","results-bar-240hz.csv;results-bar-60hz.csv;results-barcheck.csv","2026-08-20"
"14_720P_Comfyui_mp4\video_ComfyUI_0000Fly8.mp4","3","4","31","0","0.4","70.9","results-bar-240hz.csv;results-bar-60hz.csv;results-barcheck.csv","2026-08-20"
"14_720P_Comfyui_mp4\video_ComfyUI_0000Fly8.mp4","4","4","34","0","3.7","285.6","results-bar-240hz.csv;results-bar-60hz.csv;results-barcheck.csv","2026-08-20"
"16_4kSeedance_9x16_Comfyui_MP4\video_ComfyUI_00004_.mp4","1","4","34","0","1.9","62.6","results-bar-240hz.csv;results-bar-60hz.csv;results-barcheck.csv","2026-08-20"
"16_4kSeedance_9x16_Comfyui_MP4\video_ComfyUI_00004_.mp4","2","4","31","0","0.1","115.9","results-bar-240hz.csv;results-bar-60hz.csv;results-barcheck.csv","2026-08-20"
"16_4kSeedance_9x16_Comfyui_MP4\video_ComfyUI_00004_.mp4","3","4","60","0","2.5","34.9","results-bar-240hz.csv;results-bar-60hz.csv;results-barcheck.csv","2026-08-20"
"16_4kSeedance_9x16_Comfyui_MP4\video_ComfyUI_00004_.mp4","4","4","855","0","54.9","2.5","results-bar-240hz.csv;results-bar-60hz.csv;results-barcheck.csv","2026-08-20"
"17_Random_Mp4s\_model_veo31_202512171427_8auub.mp4","1","4","34","0","3.7","124.8","results-bar-240hz.csv;results-bar-60hz.csv;results-barcheck.csv","2026-08-20"
"17_Random_Mp4s\_model_veo31_202512171427_8auub.mp4","2","4","35","0","4.8","254.7","results-bar-240hz.csv;results-bar-60hz.csv;results-barcheck.csv","2026-08-20"
"17_Random_Mp4s\_model_veo31_202512171427_8auub.mp4","3","4","31","0","0.5","70.8","results-bar-240hz.csv;results-bar-60hz.csv;results-barcheck.csv","2026-08-20"
"17_Random_Mp4s\_model_veo31_202512171427_8auub.mp4","4","4","36","0","5.1","169.7","results-bar-240hz.csv;results-bar-60hz.csv;results-barcheck.csv","2026-08-20"
"17_Random_Mp4s\A_slow_controlled_202512171507_fbb81.mp4","1","4","34","0","3.9","124.7","results-bar-240hz.csv;results-bar-60hz.csv;results-barcheck.csv","2026-08-20"
"17_Random_Mp4s\A_slow_controlled_202512171507_fbb81.mp4","2","4","38","0","7.3","252.8","results-bar-240hz.csv;results-bar-60hz.csv;results-barcheck.csv","2026-08-20"
"17_Random_Mp4s\A_slow_controlled_202512171507_fbb81.mp4","3","4","31","0","0.4","70.7","results-bar-240hz.csv;results-bar-60hz.csv;results-barcheck.csv","2026-08-20"
"17_Random_Mp4s\A_slow_controlled_202512171507_fbb81.mp4","4","4","39","0","8.2","170.8","results-bar-240hz.csv;results-bar-60hz.csv;results-barcheck.csv","2026-08-20"
"17_Random_Mp4s\Best_02.mp4","1","4","35","0","4.2","93.4","results-bar-240hz.csv;results-bar-60hz.csv;results-barcheck.csv","2026-08-20"
"17_Random_Mp4s\Best_02.mp4","2","4","40","0","9.2","200.1","results-bar-240hz.csv;results-bar-60hz.csv;results-barcheck.csv","2026-08-20"
"17_Random_Mp4s\Best_02.mp4","3","4","36","0","0.3","56.5","results-bar-240hz.csv;results-bar-60hz.csv;results-barcheck.csv","2026-08-20"
"17_Random_Mp4s\Best_02.mp4","4","4","37","0","7","138","results-bar-240hz.csv;results-bar-60hz.csv;results-barcheck.csv","2026-08-20"
"17_Random_Mp4s\Dram_Theater_8_endcard.mp4","1","4","33","0","0.6","62","results-bar-240hz.csv;results-bar-60hz.csv;results-barcheck.csv","2026-08-20"
"17_Random_Mp4s\Dram_Theater_8_endcard.mp4","2","4","30","0","0","136.4","results-bar-240hz.csv;results-bar-60hz.csv;results-barcheck.csv","2026-08-20"
"17_Random_Mp4s\Dram_Theater_8_endcard.mp4","3","4","54","0","0.6","37.4","results-bar-240hz.csv;results-bar-60hz.csv;results-barcheck.csv","2026-08-20"
"17_Random_Mp4s\Dram_Theater_8_endcard.mp4","4","4","30","0","0","96.8","results-bar-240hz.csv;results-bar-60hz.csv;results-barcheck.csv","2026-08-20"
"17_Random_Mp4s\WeLo-AI-rc13-1x1_SOCIAL.mp4","1","6","38","2","7.9","469.2","results-bar-240hz.csv;results-bar-60hz.csv;results-barcheck.csv","2026-08-20"
"17_Random_Mp4s\WeLo-AI-rc13-1x1_SOCIAL.mp4","2","4","147","0","116.3","415","results-bar-240hz.csv;results-bar-60hz.csv;results-barcheck.csv","2026-08-20"
"17_Random_Mp4s\WeLo-AI-rc13-1x1_SOCIAL.mp4","3","4","31","0","0.4","70.8","results-bar-240hz.csv;results-bar-60hz.csv;results-barcheck.csv","2026-08-20"
"17_Random_Mp4s\WeLo-AI-rc13-1x1_SOCIAL.mp4","4","4","38","0","7.8","411.8","results-bar-240hz.csv;results-bar-60hz.csv;results-barcheck.csv","2026-08-20"
"2_4K_ProRes_422HQ\Barritas_16x9_Shot_040-080_v005_ALT_1.mov","1","5","41","1","11","108.5","results-bar-240hz.csv;results-bar-60hz.csv;results-barcheck.csv","2026-08-20"
"2_4K_ProRes_422HQ\Barritas_16x9_Shot_040-080_v005_ALT_1.mov","2","4","40","0","9.4","145.4","results-bar-240hz.csv;results-bar-60hz.csv;results-barcheck.csv","2026-08-20"
"2_4K_ProRes_422HQ\Barritas_16x9_Shot_040-080_v005_ALT_1.mov","3","4","37","0","6.9","66.1","results-bar-240hz.csv;results-bar-60hz.csv;results-barcheck.csv","2026-08-20"
"2_4K_ProRes_422HQ\Barritas_16x9_Shot_040-080_v005_ALT_1.mov","4","4","43","0","13","117.3","results-bar-240hz.csv;results-bar-60hz.csv;results-barcheck.csv","2026-08-20"
"3_1080p_H264_MP4\M&M_TopGun_1080.mp4","1","4","32","0","2","157.1","results-bar-240hz.csv;results-bar-60hz.csv;results-barcheck.csv","2026-08-20"
"3_1080p_H264_MP4\M&M_TopGun_1080.mp4","2","4","39","0","8.3","287.3","results-bar-240hz.csv;results-bar-60hz.csv;results-barcheck.csv","2026-08-20"
"3_1080p_H264_MP4\M&M_TopGun_1080.mp4","3","4","31","0","0.4","70.9","results-bar-240hz.csv;results-bar-60hz.csv;results-barcheck.csv","2026-08-20"
"3_1080p_H264_MP4\M&M_TopGun_1080.mp4","4","4","38","0","7.3","206.1","results-bar-240hz.csv;results-bar-60hz.csv;results-barcheck.csv","2026-08-20"
"3_1080p_H264_MP4\Marinelaverse_16x9_EndTag_v007.mp4","1","4","33","0","0.5","62.7","results-bar-240hz.csv;results-bar-60hz.csv;results-barcheck.csv","2026-08-20"
"3_1080p_H264_MP4\Marinelaverse_16x9_EndTag_v007.mp4","2","4","30","0","0","138.4","results-bar-240hz.csv;results-bar-60hz.csv;results-barcheck.csv","2026-08-20"
"3_1080p_H264_MP4\Marinelaverse_16x9_EndTag_v007.mp4","3","4","54","0","0.6","37.9","results-bar-240hz.csv;results-bar-60hz.csv;results-barcheck.csv","2026-08-20"
"3_1080p_H264_MP4\Marinelaverse_16x9_EndTag_v007.mp4","4","4","30","0","0","103.1","results-bar-240hz.csv;results-bar-60hz.csv;results-barcheck.csv","2026-08-20"
"3_1080p_H264_MP4\Universe_rc07_I_9x16_Online.mp4","1","4","31","0","0.3","269.4","results-bar-240hz.csv;results-bar-60hz.csv;results-barcheck.csv","2026-08-20"
"3_1080p_H264_MP4\Universe_rc07_I_9x16_Online.mp4","2","4","161","0","130.3","287.5","results-bar-240hz.csv;results-bar-60hz.csv;results-barcheck.csv","2026-08-20"
"3_1080p_H264_MP4\Universe_rc07_I_9x16_Online.mp4","3","4","31","0","0.8","69.7","results-bar-240hz.csv;results-bar-60hz.csv;results-barcheck.csv","2026-08-20"
"3_1080p_H264_MP4\Universe_rc07_I_9x16_Online.mp4","4","4","38","0","7.9","275.6","results-bar-240hz.csv;results-bar-60hz.csv;results-barcheck.csv","2026-08-20"
"4_4K_H264_MP4\Splash_1.mp4","1","4","34","0","3.9","78.3","results-bar-240hz.csv;results-bar-60hz.csv;results-barcheck.csv","2026-08-20"
"4_4K_H264_MP4\Splash_1.mp4","2","4","45","0","14.7","156.8","results-bar-240hz.csv;results-bar-60hz.csv;results-barcheck.csv","2026-08-20"
"4_4K_H264_MP4\Splash_1.mp4","3","4","48","0","5.1","47.1","results-bar-240hz.csv;results-bar-60hz.csv;results-barcheck.csv","2026-08-20"
"4_4K_H264_MP4\Splash_1.mp4","4","4","38","0","7.4","71.7","results-bar-240hz.csv;results-bar-60hz.csv;results-barcheck.csv","2026-08-20"
"7_4k_H264_60FPS_MP4\Jeep_Snowboard_Drone_60FPS.mp4","1","4","38","0","7.5","105.7","results-bar-240hz.csv;results-bar-60hz.csv;results-barcheck.csv","2026-08-20"
"7_4k_H264_60FPS_MP4\Jeep_Snowboard_Drone_60FPS.mp4","2","4","191","0","160.4","144","results-bar-240hz.csv;results-bar-60hz.csv;results-barcheck.csv","2026-08-20"
"7_4k_H264_60FPS_MP4\Jeep_Snowboard_Drone_60FPS.mp4","3","4","37","0","5","62.9","results-bar-240hz.csv;results-bar-60hz.csv;results-barcheck.csv","2026-08-20"
"7_4k_H264_60FPS_MP4\Jeep_Snowboard_Drone_60FPS.mp4","4","4","38","0","7.7","113.9","results-bar-240hz.csv;results-bar-60hz.csv;results-barcheck.csv","2026-08-20"
"9_1x1_ProRes\FY27_CX_BEER_NA_Summer_Bottomless-Cooler-Lago_PLC_PLC_OM_SP_BAU_1x1_15_product-locator_CBCX0000442H.mov","1","4","33","0","2.6","174.3","results-bar-240hz.csv;results-bar-60hz.csv;results-barcheck.csv","2026-08-20"
"9_1x1_ProRes\FY27_CX_BEER_NA_Summer_Bottomless-Cooler-Lago_PLC_PLC_OM_SP_BAU_1x1_15_product-locator_CBCX0000442H.mov","2","4","39","0","8.6","188.3","results-bar-240hz.csv;results-bar-60hz.csv;results-barcheck.csv","2026-08-20"
"9_1x1_ProRes\FY27_CX_BEER_NA_Summer_Bottomless-Cooler-Lago_PLC_PLC_OM_SP_BAU_1x1_15_product-locator_CBCX0000442H.mov","3","4","32","0","1.3","70.9","results-bar-240hz.csv;results-bar-60hz.csv;results-barcheck.csv","2026-08-20"
"9_1x1_ProRes\FY27_CX_BEER_NA_Summer_Bottomless-Cooler-Lago_PLC_PLC_OM_SP_BAU_1x1_15_product-locator_CBCX0000442H.mov","4","4","36","0","5.8","170.4","results-bar-240hz.csv;results-bar-60hz.csv;results-barcheck.csv","2026-08-20"
